{
  "images" : [
    {
      "resizing" : {
        "mode" : "9-part",
        "center" : {
          "mode" : "tile",
          "width" : 14,
          "height" : 3
        },
        "cap-insets" : {
          "bottom" : 16,
          "top" : 17,
          "right" : 27,
          "left" : 11
        }
      },
      "idiom" : "universal",
      "filename" : "message_i.png",
      "scale" : "1x"
    },
    {
      "resizing" : {
        "mode" : "9-part",
        "center" : {
          "mode" : "tile",
          "width" : 19,
          "height" : 10
        },
        "cap-insets" : {
          "bottom" : 31,
          "top" : 31,
          "right" : 57,
          "left" : 27
        }
      },
      "idiom" : "universal",
      "filename" : "message_i@2x.png",
      "scale" : "2x"
    },
    {
      "idiom" : "universal",
      "scale" : "3x"
    }
  ],
  "info" : {
    "version" : 1,
    "author" : "xcode"
  }
}